,CompanyCode,Old English name,Old Chinese name,Until
0,5,SILOM LIMITED,,1990-12-12
1,5,VERNAT EASTERN AGENCIES LIMITED,,1981-08-13
2,5,VERNAT TRADING CO. LIMITED,,1959-02-10
3,11,"HANG SENG BANK, LIMITED",æ\x81\x92ç\x94\x9fé\x8a\x80è\x99\x9fæ\x9c\x89é\x99\x90å\x85¬å\x8f¸,1959-12-31
4,23,"BANK OF EAST ASIA, LIMITED (THE)",,1995-04-25
5,416,"Jinzhou City Cooperative Bank Co., Ltd.",é\x8c¦å·\x9eå\x9f\x8eå¸\x82å\x90\x88ä½\x9cé\x8a\x80è¡\x8cè\x82¡ä»½æ\x9c\x89é\x99\x90å\x85¬å\x8f¸,2008-06-03
6,440,FIVETECH INVESTMENTS LIMITED,äº\x94å¾·æ\x8a\x95è³\x87æ\x9c\x89é\x99\x90å\x85¬å\x8f¸,1987-07-28
7,626,JCG Holdings Limited,,2006-03-20
8,939,China Construction Bank,ä¸\xadå\x9b½å»ºè®¾é\x93¶è¡\x8c,2004-09-17
9,998,China CITIC Bank,,2006-12-31
10,998,CITIC Industrial Bank,,2005-08-02
11,1111,LIU CHONG HING BANK LIMITED,å»\x96å\x89µè\x88\x88é\x8a\x80è¡\x8cæ\x9c\x89é\x99\x90å\x85¬å\x8f¸,2006-12-23
12,1288,Agricultural Bank of China,ä¸\xadå\x9c\x8bè¾²æ¥\xadé\x8a\x80è¡\x8c,2009-03-09
13,1288,Agricultural Bank of China (The),ä¸\xadå\x9b½å\x86\x9cä¸\x9aé\x93¶è¡\x8c,2001-08-27
14,1398,Industrial and Commercial Bank of China (The),ä¸\xadå\x9b½å·¥å\x95\x86é\x93¶è¡\x8c,2005-10-28
15,1551,Guangzhou Rural Credit Cooperative,å»£å·\x9eå¸\x82è¾²æ\x9d\x91ä¿¡ç\x94¨å\x90\x88ä½\x9cè\x81¯ç¤¾,2009-12-09
16,1578,"Tianjin Commercial Bank Co., Ltd.",,2007-03
17,1578,"Tianjin City Cooperative Bank Co., Ltd.",,1998-05
18,1963,"Commercial Bank of Chongqing Co., Ltd.",,2007-08-01
19,1963,Chongqing Urban Cooperative Bank,,1998-03-31
20,1983,"LUZHOU CITY COMMERCIAL BANK CO., LTD.",ç\x80\x98å·\x9eå¸\x82å\x95\x86æ¥\xadé\x8a\x80è¡\x8cè\x82¡ä»½æ\x9c\x89é\x99\x90å\x85¬å\x8f¸,2019-06-04
21,1988,ICRIS:F0013289 (no English name),ä¸\xadå\x9c\x8bæ°\x91ç\x94\x9fé\x8a\x80è¡\x8cè\x82¡ä»½æ\x9c\x89é\x99\x90å\x85¬å\x8f¸,2010-11-30
22,2016,Zhejiang Commercial Bank Ltd.,æµ\x99æ±\x9få\x95\x86æ¥\xadé\x8a\x80è¡\x8c,2004-06
23,2066,"Shenyang Commercial Bank Co., Ltd.",,2007-02
24,2066,"Shenyang City Cooperative Bank Co., Ltd.",,1998-09
25,2356,NEW ENDEAVOUR GROUP LIMITED,,2004-03-26
26,2888,STANDARD CHARTERED BANK PUBLIC LIMITED COMPANY,,1985-01-01
27,3328,BANK OF COMMUNICATIONS,äº¤é\x80\x9aé\x8a\x80è¡\x8c,2004-12-24
28,3866,"Qingdao Commercial Bank Co., Ltd.",,2008
29,3866,"Qingdao City Cooperative Bank Co., Ltd.",,1998-06
30,3988,BANK OF CHINA,ä¸\xadå\x9c\x8bé\x8a\x80è¡\x8c,2004-08-26
31,4605,BANK OF COMMUNICATIONS,äº¤é\x80\x9aé\x8a\x80è¡\x8c,2004-12-24
32,4606,China Construction Bank,ä¸\xadå\x9b½å»ºè®¾é\x93¶è¡\x8c,2004-09-17
33,4609,ICRIS:F0013289 (no English name),ä¸\xadå\x9c\x8bæ°\x91ç\x94\x9fé\x8a\x80è¡\x8cè\x82¡ä»½æ\x9c\x89é\x99\x90å\x85¬å\x8f¸,2010-11-30
34,4610,Zhejiang Commercial Bank Ltd.,æµ\x99æ±\x9få\x95\x86æ¥\xadé\x8a\x80è¡\x8c,2004-06
35,4611,"Qingdao Commercial Bank Co., Ltd.",,2008
36,4611,"Qingdao City Cooperative Bank Co., Ltd.",,1998-06
37,4613,"Zhengzhou Commercial Bank Co., Ltd.",,2009-10
38,4613,"City United Bank Co., Ltd. Of Zhengzhou",,2000-12
39,4615,"Jinzhou City Cooperative Bank Co., Ltd.",é\x8c¦å·\x9eå\x9f\x8eå¸\x82å\x90\x88ä½\x9cé\x8a\x80è¡\x8cè\x82¡ä»½æ\x9c\x89é\x99\x90å\x85¬å\x8f¸,2008-06-03
40,4616,"Commercial Bank of Chongqing Co., Ltd.",,2007-08-01
41,4616,Chongqing Urban Cooperative Bank,,1998-03-31
42,4618,Guangzhou Rural Credit Cooperative,å»£å·\x9eå¸\x82è¾²æ\x9d\x91ä¿¡ç\x94¨å\x90\x88ä½\x9cè\x81¯ç¤¾,2009-12-09
43,6122,Jiutai Rural Credit Cooperative,ä¹\x9då\x8f°å¸\x82è¾²æ\x9d\x91ä¿¡ç\x94¨å\x90\x88ä½\x9cè\x81¯ç¤¾,
44,6138,"Harbin Commercial Bank Co., Ltd.",,2007-12-18
45,6138,Harbin Urban Cooperative Bank,,1998-04-30
46,6190,Jiujiang City Commercial Bank,ä¹\x9dæ±\x9få¸\x82å\x95\x86æ¥\xadé\x8a\x80è¡\x8c,
47,6196,"Zhengzhou Commercial Bank Co., Ltd.",,2009-10
48,6196,"City United Bank Co., Ltd. Of Zhengzhou",,2000-12
49,662,ASIA FINANCIAL HOLDINGS LIMITED,,2003-06-10
50,966,CHINA INSURANCE INTERNATIONAL HOLDINGS COMPANY LIMITED,ä¸\xadä¿\x9då\x9c\x8bé\x9a\x9bæ\x8e§è\x82¡æ\x9c\x89é\x99\x90å\x85¬å\x8f¸,2009-08-12
51,966,CHINA INSURANCE INTERNATIONAL HOLDINGS COMPANY LIMITED,,2000-04-12
52,1299,AIA Group Limited,,2010-09-30
53,1299,AIA Group Limited,å\x8f\x8bé\x82¦é\x87\x91è\x9e\x8dæ\x9c\x89é\x99\x90å\x85¬å\x8f¸,2010-09-27
54,1299,AIA Group Limited,,2010-03-19
55,1339,"s Insurance Company Group of China"", ",", ",", "
56,1339,", ",", ",", ""People"
57,1339,ä¸\xadå\x9c\x8bäººæ°\x91ä¿\x9dé\x9aªå\x85¬å\x8f¸,2003-07-11,Peopleâ\x80\x99s Insurance Company of China (The)
58,1339,ä¸\xadå\x9c\x8bäººæ°\x91ä¿\x9dé\x9aªå\x85¬å\x8f¸,2003-07-11,Peopleâ\x80\x99s Insurance Company (Group) of China
59,1339,ä¸\xadå\x9c\x8bäººæ°\x91ä¿\x9dé\x9aª(é\x9b\x86å\x9c\x98)å\x85¬å\x8f¸,1998-10,"s Insurance Company of China (The)"", "
60,1508,China Reinsurance Company,,2003-06
61,1508,PICC Reinsurance Company Limited,,1999-03
62,2318,"Ping An Insurance Company of China, Ltd.",,2003-01-24
63,2318,Shenzhen Ping An Insurance Company,,1992-11
64,2378,PRUDENTIAL CORPORATION PUBLIC LIMITED COMPANY,,1999-10-01
65,2601,"China Pacific Insurance Co., Ltd.",,2001-10-24
66,53,GUOCO GROUP LIMITED,,2008-10-27
67,68,AYKOK ENTERPRISES LIMITED,é\x9b\x85é\x96£ä¼\x81æ¥\xadæ\x9c\x89é\x99\x90å\x85¬å\x8f¸,1972-10-23
68,139,China Soft Power Technology Holdings Limited,ä¸\xadå\x9c\x8bè»\x9få¯¦å\x8a\x9bç§\x91æ\x8a\x80é\x9b\x86å\x9c\x98æ\x9c\x89é\x99\x90å\x85¬å\x8f¸,2019-01-14
69,139,China Jinhai International Group Limited,ä¸\xadå\x9c\x8bé\x87\x91æµ·å\x9c\x8bé\x9a\x9bé\x9b\x86å\x9c\x98æ\x9c\x89é\x99\x90å\x85¬å\x8f¸,2015-09-14
70,139,ICube Technology Holdings Limited,ä¸\xadå\x9c\x8bå¾®é\x9b»å\xad\x90ç§\x91æ\x8a\x80é\x9b\x86å\x9c\x98æ\x9c\x89é\x99\x90å\x85¬å\x8f¸,2014-11-12
71,139,GR Vietnam Holdings Limited,è¶\x8aå\x8d\x97æ\x8e§è\x82¡æ\x9c\x89é\x99\x90å\x85¬å\x8f¸,2010-11-09
72,139,139 Holdings Limited,,2007-11-26
73,139,CHAIFA HOLDINGS LIMITED,,2000-09-25
74,165,CHINA EVERBRIGHT-IHD PACIFIC LIMITED,ä¸\xadå\x9c\x8bå\x85\x89å¤§æ\x98\x8eè¼\x9dæ\x9c\x89é\x99\x90å\x85¬å\x8f¸,1997-09-19
75,165,IHD HOLDINGS LIMITED,æ\x98\x8eè¼\x9dç\x99¼å±\x95æ\x9c\x89é\x99\x90å\x85¬å\x8f¸,1994-11-01
76,165,INTERCONTINENTAL HOUSING DEVELOPMENT LIMITED,æ\x98\x8eè¼\x9dç\x99¼å±\x95æ\x9c\x89é\x99\x90å\x85¬å\x8f¸,1987-05-19
77,165,INTERCONTINENTAL HOUSING DEVELOPMENT LIMITED,,1972-11-25
78,174,Gemini Property Investments Limited,ç\x9b\x9bæ´\x8bå\x9c°ç\x94¢æ\x8a\x95è³\x87æ\x9c\x89é\x99\x90å\x85¬å\x8f¸,2011-07-06
79,174,KEE SHING (HOLDINGS) LIMITED,å¥\x87ç\x9b\x9b(é\x9b\x86å\x9c\x98)æ\x9c\x89é\x99\x90å\x85¬å\x8f¸,2010-11-12
80,204,Temujin International Investments Limited,æ³°æ½¤å\x9c\x8bé\x9a\x9bæ\x8a\x95è³\x87æ\x9c\x89é\x99\x90å\x85¬å\x8f¸,2012-01-13
81,204,EVEREST INTERNATIONAL INVESTMENTS LIMITED,,2007-09-14
82,235,CHINA INTERNET GLOBAL ALLIANCE LIMITED,ä¸\xadç\xad\x96é\x9b\x86å\x9c\x98æ\x9c\x89é\x99\x90å\x85¬å\x8f¸,2000-12-15
83,235,CHINA STRATEGIC HOLDINGS LIMITED,ä¸\xadç\xad\x96é\x9b\x86å\x9c\x98æ\x9c\x89é\x99\x90å\x85¬å\x8f¸,2000-07-07
84,235,CHINA STRATEGIC INVESTMENT LIMITED,ä¸\xadç\xad\x96æ\x8a\x95è³\x87æ\x9c\x89é\x99\x90å\x85¬å\x8f¸,1994-07-12
85,235,RUBY HOLDINGS LIMITED,ç´\x85å¯¶ç\x9f³ç\x99¼å±\x95æ\x9c\x89é\x99\x90å\x85¬å\x8f¸,1991-12-12
86,310,GR Investment International Limited,é\x87\x91æº\x90æ\x8a\x95è³\x87å\x9c\x8bé\x9a\x9bæ\x9c\x89é\x99\x90å\x85¬å\x8f¸,2005-03-15
87,329,Dragonite International Limited,å\x8f\x81é¾\x8då\x9c\x8bé\x9a\x9bæ\x9c\x89é\x99\x90å\x85¬å\x8f¸,2017-06-12
88,329,Ruyan Group (Holdings) Limited,å¦\x82ç\x83\x9fé\x9b\x86å\x9c\x98(æ\x8e§è\x82¡)æ\x9c\x89é\x99\x90å\x85¬å\x8f¸,2010-07-06
89,329,GOLDEN DRAGON GROUP (HOLDINGS) LIMITED,é\x87\x91é¾\x8dé\x9b\x86å\x9c\x98(æ\x8e§è\x82¡)æ\x9c\x89é\x99\x90å\x85¬å\x8f¸,2007-11-20
90,329,GOLDEN DRAGON PHARMACEUTICAL GROUP (HOLDINGS) LIMITED,é\x87\x91é¾\x8dè\x97¥æ¥\xadé\x9b\x86å\x9c\x98(æ\x8e§è\x82¡)æ\x9c\x89é\x99\x90å\x85¬å\x8f¸,2001-01-18
91,339,EARNEST INVESTMENTS HOLDINGS LIMITED,,2018-06-21
92,356,INCUTECH INVESTMENTS LIMITED,,2014-09-08
93,356,INCUTECH INVESTMENTS LIMITED,ä¿\x8aç§\x91æ\x8a\x95è³\x87æ\x9c\x89é\x99\x90å\x85¬å\x8f¸,2002-05-14
94,372,ITC Corporation Limited,,2017-05-09
95,372,"PACIFIC RIM INFRASTRUCTURE MANAGEMENT ENTERPRISES, LIMITED",,1998-01-13
96,372,CEF CONCORD HOLDINGS LIMITED,,1997-02-19
97,372,HOI SING HOLDINGS LIMITED,,1996-05-09
98,378,CIAM Group Limited,äº\x8bå®\x89é\x9b\x86å\x9c\x98æ\x9c\x89é\x99\x90å\x85¬å\x8f¸,2015-12-17
99,378,E2-Capital (Holdings) Limited,,2008-06-27
100,378,e2-Capital (Holdings) Limited,,2001-06-04
101,378,GOODWILL INVESTMENT (HOLDINGS) LIMITED,,2000-04-20
102,378,CHINA INDUSTRIAL INTERNATIONAL CORPORATION LIMITED,,1995-07-13
103,428,Huge China Holdings Limited,å\x8c¯å\x98\x89ä¸\xadå\x9c\x8bæ\x8e§è\x82¡æ\x9c\x89é\x99\x90å\x85¬å\x8f¸,2018-06-29
104,428,HARMONY ASSET LIMITED,äº¨äº\x9eæ\x9c\x89é\x99\x90å\x85¬å\x8f¸,2015-06-29
105,428,HARMONY ASSET LIMITED,,2007-07-24
106,428,SHK CONVERTIBLES LIMITED,,1998-02-12
107,430,LINKFUL INTERNATIONAL HOLDINGS LIMITED,,2000-04-26
108,430,United Metals Limited,,1992-11-05
109,572,Central Wealth Financial Group Limited,ä¸\xadé\x81\x94é\x87\x91è\x9e\x8dé\x9b\x86å\x9c\x98æ\x9c\x89é\x99\x90å\x85¬å\x8f¸,2016-11-01
110,572,China For You Group Company Limited,ä¸\xadå\x9c\x8bå¯\x8cä½\x91é\x9b\x86å\x9c\x98æ\x9c\x89é\x99\x90å\x85¬å\x8f¸,2016-01-19
111,572,China Packaging Group Company Limited,ä¸\xadå\x9c\x8bå\x8c\x85è£\x9dé\x9b\x86å\x9c\x98æ\x9c\x89é\x99\x90å\x85¬å\x8f¸,2014-11-10
112,572,SPREAD PROSPECTS HOLDINGS LIMITED,å±\x95é´»æ\x8e§è\x82¡æ\x9c\x89é\x99\x90å\x85¬å\x8f¸,2008-01-02
113,612,China Investment Fund International Holdings Limited,ä¸\xadå\x9c\x8bæ\x8a\x95è³\x87å\x9fºé\x87\x91å\x9c\x8bé\x9a\x9bæ\x8e§è\x82¡æ\x9c\x89é\x99\x90å\x85¬å\x8f¸,2018-11-06
114,612,China Investment Fund Company Limited,,2016-10-03
115,612,CHINA INVESTMENT FUND COMPANY LIMITED,ä¸\xadå\x9c\x8bæ\x8a\x95è³\x87å\x9fºé\x87\x91æ\x9c\x89é\x99\x90å\x85¬å\x8f¸,2002-03-08
116,613,Yugang International Limited,,2019-06-13
117,666,YU MING INVESTMENTS LIMITED,ç¦¹é\x8a\x98æ\x8a\x95è³\x87æ\x9c\x89é\x99\x90å\x85¬å\x8f¸,2009-07-02
118,666,SHK HONG KONG INDUSTRIES LIMITED,,1997-06-18
119,666,HANKOU LIMITED,,1990-07-17
120,718,Bestway International Holdings Limited,ç\x99¾å¨\x81å\x9c\x8bé\x9a\x9bæ\x8e§è\x82¡æ\x9c\x89é\x99\x90å\x85¬å\x8f¸,2016-07-15
121,718,BESTWAY INTERNATIONAL HOLDINGS LIMITED,,2001-10-22
122,718,LUEN FAT HONG INTERNATIONAL HOLDINGS LIMITED,,1999-12-22
123,721,Sunshine Capital Investments Group Limited,æ\x98\x8eé\x99½è³\x87æ\x9c¬æ\x8a\x95è³\x87é\x9b\x86å\x9c\x98æ\x9c\x89é\x99\x90å\x85¬å\x8f¸,2010-10-14
124,721,Prime Investments Holdings Limited,,2009-12-30
125,770,Shanghai Growth Investment Limited,,1993-09-23
126,806,Value Partners Co. Ltd.,,2007-01-23
127,806,Value Partners Capital Limited,,2007-01-08
128,810,Opes Asia Development Limited,,2015-11-16
129,810,CHINA TREASURE (GREATER CHINA) INVESTMENTS LIMITED,è\x8f¯å¯¶(å¤§ä¸\xadè\x8f¯)æ\x8a\x95è³\x87æ\x9c\x89é\x99\x90å\x85¬å\x8f¸,2007-05-29
130,810,CHINA TREASURE (GREATER CHINA) INVESTMENTS LIMITED,,2001-10-30
131,851,MAE Holdings Limited,å»ºç¾\x8eé\x9b\x86å\x9c\x98æ\x9c\x89é\x99\x90å\x85¬å\x8f¸,2009-06-10
132,851,MAE Holdings Limited,,2002-10-18
133,901,RADFORD CAPITAL INVESTMENT LIMITED,è\x90\x8aç¦\x8fè³\x87æ\x9c¬æ\x8a\x95è³\x87æ\x9c\x89é\x99\x90å\x85¬å\x8f¸,2013-12-16
134,901,RADFORD CAPITAL INVESTMENT LIMITED,,2001-10-23
135,905,Mastermind Capital Limited,,2015-12-02
136,905,Apex Capital Limited,é¼\x8eæ´\x8bæ\x8a\x95è³\x87æ\x9c\x89é\x99\x90å\x85¬å\x8f¸,2008-11-11
137,905,HAYWOOD INVESTMENTS LIMITED,,2006-06-23
138,913,UNITY INVESTMENTS HOLDINGS LIMITED,,2003-05-27
139,1041,China New Energy Power Group Limited,ä¸\xadå\x9c\x8bæ\x96°è\x83½æº\x90å\x8b\x95å\x8a\x9bé\x9b\x86å\x9c\x98æ\x9c\x89é\x99\x90å\x85¬å\x8f¸,2016-08-01
140,1041,Fulbond Holdings Limited,,2011-08-05
141,1041,TA FU INTERNATIONAL HOLDINGS LIMITED,,2001-04-03
142,1051,Smart Rich Energy Finance (Holdings) Limited,,2009-06-03
143,1051,Credit Card DNA Security System (Holdings) Limited,,2006-06-02
144,1051,STAR BIO-TECH (HOLDINGS) LIMITED,,2002-04-19
145,1051,STAR CYBERPOWER HOLDINGS LIMITED,,2000-12-15
146,1051,CHUNG HWA DEVELOPMENT HOLDINGS LIMITED,,2000-06-14
147,1051,RICH CITY PACKAGING HOLDINGS LIMITED,,1995-10-09
148,1062,NEW CAPITAL INTERNATIONAL INVESTMENT LIMITED,,2012-06-19
149,1140,OP Financial Investments Limited,,2018-03-26
150,1140,Concepta Investments Limited,,2007-11-30
151,1160,Grand Investment International Ltd.,,2019-05-21
152,1191,Yueshou Environmental Holdings Limited,ç²µé¦\x96ç\x92°ä¿\x9dæ\x8e§è\x82¡æ\x9c\x89é\x99\x90å\x85¬å\x8f¸,2017-07-14
153,1191,Yueshou Environmental Holdings Limited,,2009-02-04
154,1191,China Rich Holdings Limited,,2007-10-18
155,1191,WING FAI INTERNATIONAL LIMITED,,1998-07-13
156,1217,SINO TECHNOLOGY INVESTMENTS COMPANY LIMITED,ä¸\xadå\x9c\x8bå\x89µæ\x96°æ\x8a\x95è³\x87æ\x9c\x89é\x99\x90å\x85¬å\x8f¸,2007-12-21
157,1226,GARRON INTERNATIONAL LIMITED,å\x98\x89ç¦¹å\x9c\x8bé\x9a\x9bæ\x9c\x89é\x99\x90å\x85¬å\x8f¸,2011-08-08
158,1226,FRIEDMANN PACIFIC GREATER CHINA INVESTMENTS LIMITED,å¯\x8cæ³°å¤§ä¸\xadè\x8f¯æ\x8a\x95è³\x87æ\x9c\x89é\x99\x90å\x85¬å\x8f¸,2004-03-19
159,1227,CHINA FINANCIAL INDUSTRY INVESTMENT FUND LIMITED,ä¸\xadå\x9c\x8bé\x87\x91è\x9e\x8dç\x94¢æ¥\xadæ\x8a\x95è³\x87å\x9fºé\x87\x91æ\x9c\x89é\x99\x90å\x85¬å\x8f¸,2007-07-05
160,1227,FIRST ASIA CAPITAL INVESTMENT LIMITED,ç¬¬ä¸\x80äº\x9eæ´²è³\x87æ\x9c¬æ\x8a\x95è³\x87æ\x9c\x89é\x99\x90å\x85¬å\x8f¸,2004-08-25
161,1359,China Cinda Asset Management Corporation,,2010-06-29
162,1835,"Shanghai Ruiwei Equity Investment Management Co., Ltd.",ä¸\x8aæµ·ç\x91\x9eå¨\x81è\x82¡æ¬\x8aæ\x8a\x95è³\x87ç®¡ç\x90\x86æ\x9c\x89é\x99\x90å\x85¬å\x8f¸,
163,1911,CHINA RENAISSANCE HOLDINGS LIMITED,,2018-08-23
164,2277,Chun Sing Engineering Holdings Limited,é\x9c\x87æ\x98\x87å·¥ç¨\x8bæ\x8e§è\x82¡æ\x9c\x89é\x99\x90å\x85¬å\x8f¸,2016-09-30
165,2312,GOLDEN 21 INVESTMENT HOLDINGS LIMITED,é\x87\x91è±\x9021æ\x8a\x95è³\x87æ\x8e§è\x82¡æ\x9c\x89é\x99\x90å\x85¬å\x8f¸,2007-11-29
166,2324,Sino Katalytics Investment Corporation,å¾·æ³°ä¸\xadè\x8f¯æ\x8a\x95è³\x87æ\x9c\x89é\x99\x90å\x85¬å\x8f¸,2010-04-01
167,2324,China Northern Enterprises Investment Fund Limited,ä¸\xadå\x9c\x8bå\x8c\x97æ\x96¹ä¼\x81æ¥\xadæ\x8a\x95è³\x87å\x9fºé\x87\x91æ\x9c\x89é\x99\x90å\x85¬å\x8f¸,2005-11-17
168,2799,China Huarong Asset Management Corporation,,2012-09-28
169,2823,iShares FTSE/Xinhua A50 China Index ETF,,2010-11-26
170,2823,iShares FTSE/Xinhua A50 China Tracker ETF,,2009-09-25
171,2828,Hang Seng H-Share Index ETF,,2018-03-05
172,33,Asia Investment Finance Group Limited,äº\x9eæ\x8a\x95é\x87\x91è\x9e\x8dé\x9b\x86å\x9c\x98æ\x9c\x89é\x99\x90å\x85¬å\x8f¸,2019-06-20
173,33,Harmonic Strait Financial Holdings Limited,å\x92\x8cå\x8d\x94æµ·å³½é\x87\x91è\x9e\x8dé\x9b\x86å\x9c\x98æ\x9c\x89é\x99\x90å\x85¬å\x8f¸,2016-06-16
174,33,Rainbow Brothers Holdings Limited,,2012-03-06
175,56,ALLIED PROPERTIES (H.K.) LIMITED,,1987-11-17
176,56,HSIN CHONG PROPERTIES LIMITED,æ\x96°æ\x98\x8cå\x9c°ç\x94¢æ\x9c\x89é\x99\x90å\x85¬å\x8f¸,1987-01-12
177,56,"HSIN CHONG INVESTMENT COMPANY, LIMITED",æ\x96°æ\x98\x8cä¼\x81æ¥\xadæ\x9c\x89é\x99\x90å\x85¬å\x8f¸,1980-12-05
178,109,Good Fellow Resources Holdings Limited,é\x87\x91å¨\x81è³\x87æº\x90æ\x8e§è\x82¡æ\x9c\x89é\x99\x90å\x85¬å\x8f¸,2015-06-29
179,109,Wonderful World Holdings Limited,æ¦®å¾·è±\x90æ\x8e§è\x82¡æ\x9c\x89é\x99\x90å\x85¬å\x8f¸,2009-12-11
180,109,DIGITAL WORLD HOLDINGS LIMITED,,2003-12-04
181,109,Q-TECH HOLDINGS LIMITED,,2000-01-13
182,109,Q-TECH HOLDINGS LTD.,,1998-01-24
183,172,CAN DO HOLDINGS LIMITED,é\x95·ç\x99¼å»ºæ¥\xadæ\x9c\x89é\x99\x90å\x85¬å\x8f¸,2003-05-09
184,172,ISLAND DYEING AND PRINTING COMPANY LIMITED,,1999-10-13
185,221,PNG Resources Holdings Limited,PNGè³\x87æº\x90æ\x8e§è\x82¡æ\x9c\x89é\x99\x90å\x85¬å\x8f¸,2015-11-13
186,221,LEROI HOLDINGS LIMITED,å\x88©ä¾\x86æ\x8e§è\x82¡æ\x9c\x89é\x99\x90å\x85¬å\x8f¸,2010-08-26
187,318,KAMBOAT GROUP COMPANY LIMITED,é\x87\x91é¾\x8dè\x88¹é\x9b\x86å\x9c\x98æ\x9c\x89é\x99\x90å\x85¬å\x8f¸,2005-09-05
188,373,ALLIED GROUP LIMITED,,1990-12-18
189,373,ALLIED OVERSEAS INVESTMENTS LIMITED,,1990-07-10
190,373,SIU ON REALTY COMPANY LIMITED,å\x85\x86å®\x89å\x9c°ç\x94¢æ\x9c\x89é\x99\x90å\x85¬å\x8f¸,1986-11-03
191,379,PME GROUP LIMITED,,2016-01-21
192,397,Jun Yang Financial Holdings Limited,å\x90\x9bé\x99½é\x87\x91è\x9e\x8dæ\x8e§è\x82¡æ\x9c\x89é\x99\x90å\x85¬å\x8f¸,2018-03-20
193,397,Jun Yang Solar Power Investments Limited,å\x90\x9bé\x99½å¤ªé\x99½è\x83½é\x9b»å\x8a\x9bæ\x8a\x95è³\x87æ\x9c\x89é\x99\x90å\x85¬å\x8f¸,2015-08-04
194,397,China Gogreen Assets Investment Limited,ä¸\xadå\x9c\x8bä¿\x9dç¶\xa0è³\x87ç\x94¢æ\x8a\x95è³\x87æ\x9c\x89é\x99\x90å\x85¬å\x8f¸,2013-03-21
195,397,Hong Kong Health Check and Laboratory Holdings Company Limited,é¦\x99æ¸¯é«\x94æª¢å\x8f\x8aé\x86«å\xad¸è¨ºæ\x96·æ\x8e§è\x82¡æ\x9c\x89é\x99\x90å\x85¬å\x8f¸,2010-01-26
196,397,Town Health Medical Technology Holdings Company Limited,åº·å\x81¥é\x86«ç\x99\x82ç§\x91æ\x8a\x80æ\x8e§è\x82¡æ\x9c\x89é\x99\x90å\x85¬å\x8f¸,2006-10-27
197,397,Starbow Holdings Limited,æ\x98\x9fè\x99¹æ\x8e§è\x82¡æ\x9c\x89é\x99\x90å\x85¬å\x8f¸,2006-02-27
198,397,Ecopro Hi-Tech Holdings Limited,,2002-08-20
199,397,RECOR HOLDINGS LIMITED,,2000-01-05
200,397,RECOR (HOLDINGS) LIMITED,,1993-09-27
201,412,China Innovative Finance Group Limited,ä¸\xadå\x9c\x8bæ\x96°é\x87\x91è\x9e\x8dé\x9b\x86å\x9c\x98æ\x9c\x89é\x99\x90å\x85¬å\x8f¸,2017-09-14
202,412,Heritage International Holdings Limited,æ¼¢å\x9fºæ\x8e§è\x82¡æ\x9c\x89é\x99\x90å\x85¬å\x8f¸,2015-09-24
203,412,B-TECH (HOLDINGS) LIMITED,,2002-09-06
204,412,DONG-JUN (HOLDINGS) LIMITED,,2000-08-15
205,412,HOP YING INTERNATIONAL HOLDINGS LIMITED,,1996-10-25
206,474,Hao Tian Resources Group Limited,æ\x98\x8aå¤©è\x83½æº\x90é\x9b\x86å\x9c\x98æ\x9c\x89é\x99\x90å\x85¬å\x8f¸,2013-10-02
207,474,Winbox International (Holdings) Limited,æ°¸ä¿\x9dæ\x99\x82å\x9c\x8bé\x9a\x9b(æ\x8e§è\x82¡)æ\x9c\x89é\x99\x90å\x85¬å\x8f¸,2010-05-07
208,530,Fortuna International Holdings Limited,,2009-05-27
209,530,FIRSTONE INTERNATIONAL HOLDINGS LIMITED,,1998-01-29
210,559,Guocang Group Limited,å\x9c\x8bè\x97\x8fé\x9b\x86å\x9c\x98æ\x9c\x89é\x99\x90å\x85¬å\x8f¸,2015-11-25
211,559,Hua Yi Copper Holdings Limited,è\x8f¯è\x97\x9dç¤¦æ¥\xadæ\x8e§è\x82¡æ\x9c\x89é\x99\x90å\x85¬å\x8f¸,2013-05-02
212,559,Hua Yi Copper Holdings Limited,è\x8f¯è\x97\x9dé\x8a\x85æ¥\xadæ\x8e§è\x82¡æ\x9c\x89é\x99\x90å\x85¬å\x8f¸,2007-08-03
213,559,FT HOLDINGS INTERNATIONAL LIMITED,æ\x98\x9fé\x87\x87æ\x8e§è\x82¡æ\x9c\x89é\x99\x90å\x85¬å\x8f¸,2004-09-23
214,559,FT HOLDINGS INTERNATIONAL LIMITED,,2003-12-15
215,605,K.P.I. COMPANY LIMITED,æ¸¯ä½³æ\x8e§è\x82¡æ\x9c\x89é\x99\x90å\x85¬å\x8f¸,2011-07-07
216,622,Enerchina Holdings Limited,,2019-03-27
217,622,SILVERNET GROUP LIMITED,,2002-11-08
218,622,RIGHTEOUS (HOLDINGS) LIMITED,,2000-06-08
219,628,Sino Credit Holdings Limited,è\x8f¯é\x8a\x80æ\x8e§è\x82¡æ\x9c\x89é\x99\x90å\x85¬å\x8f¸,2017-02-15
220,628,Sino Credit Holdings Limited,,2015-02-12
221,628,Dore Holdings Limited,,2013-12-16
222,628,Teem Foundation Group Ltd.,,2007-08-01
223,668,Dowell Property Holdings Limited,æ\x9d±å\x8e\x9få\x9c°ç\x94¢æ\x8e§è\x82¡æ\x9c\x89é\x99\x90å\x85¬å\x8f¸,2016-06-10
224,668,Doxen Energy Group Limited,æ\x9d±æ\x98\x9fè\x83½æº\x90é\x9b\x86å\x9c\x98æ\x9c\x89é\x99\x90å\x85¬å\x8f¸,2012-11-23
225,668,HONG KONG CATERING MANAGEMENT LIMITED,é¦\x99æ¸¯é£²é£\x9fç®¡ç\x90\x86æ\x9c\x89é\x99\x90å\x85¬å\x8f¸,2010-04-16
226,668,YAOHAN INTERNATIONAL CATERERS LIMITED,å\x85«ä½°ä¼´å\x9c\x8bé\x9a\x9bé£²é£\x9fæ\x9c\x89é\x99\x90å\x85¬å\x8f¸,1997-12-03
227,668,KI KAI LIMITED,,1990-09-07
228,730,KADER INVESTMENT COMPANY LIMITED,,1993-09-09
229,736,Northern International Holdings Limited,,2007-11-28
230,736,BILLION INTERNATIONAL HOLDINGS LIMITED,,1998-06-17
231,736,SHARP BRAVE HOLDINGS LIMITED,,1997-05-21
232,764,China Star Investment Holdings Limited,ä¸\xadå\x9c\x8bæ\x98\x9fæ\x8a\x95è³\x87æ\x9c\x89é\x99\x90å\x85¬å\x8f¸,2010-06-29
233,764,Riche Multi-Media Holdings Limited,è±\x8aé\x87\x87å¤\x9aåª\x92é«\x94é\x9b\x86å\x9c\x98æ\x9c\x89é\x99\x90å\x85¬å\x8f¸,2008-06-25
234,764,OCEAN SHORES GROUP LIMITED,,2002-05-30
235,766,Sino Prosper State Gold Resources Holdings Limited,ä¸\xadç\x9b\x88å\x9c\x8bé\x87\x91è³\x87æº\x90æ\x8e§è\x82¡æ\x9c\x89é\x99\x90å\x85¬å\x8f¸,2013-12-12
236,766,SINO PROSPER HOLDINGS LIMITED,ä¸\xadç\x9b\x88æ\x8e§è\x82¡æ\x9c\x89é\x99\x90å\x85¬å\x8f¸,2009-11-24
237,767,PACIFIC PLYWOOD HOLDINGS LIMITED,,2018-03-07
238,900,"NIHON CREDIT SERVICE (ASIA) CO., LIMITED",æ\x97¥æ\x9c¬ä¿¡è²¸è²¡å\x8b\x99(äº\x9eæ´²)æ\x9c\x89é\x99\x90å\x85¬å\x8f¸,1994-08-23
239,900,REDERIC TRADING LIMITED,,1990-07-03
240,986,Nam Hing Holdings Limited,,2011-03-21
241,993,SIMSEN INTERNATIONAL CORPORATION LIMITED,å¤©è¡\x8cå\x9c\x8bé\x9a\x9b(æ\x8e§è\x82¡)æ\x9c\x89é\x99\x90å\x85¬å\x8f¸,2015-10-05
242,993,SIMSEN INTERNATIONAL CORPORATION LIMITED,,2004-08-25
243,993,SIMSEN METALS (HOLDINGS) LIMITED,,1998-02-10
244,997,Decca Holdings Limited,,2012-01-20
245,1019,Convoy Financial Holdings Limited,åº·å®\x8fé\x87\x91è\x9e\x8dæ\x8e§è\x82¡æ\x9c\x89é\x99\x90å\x85¬å\x8f¸,2016-06-22
246,1019,CONVOY FINANCIAL SERVICES HOLDINGS LIMITED,åº·å®\x8fç\x90\x86è²¡æ\x8e§è\x82¡æ\x9c\x89é\x99\x90å\x85¬å\x8f¸,2014-08-20
247,1220,OCEAN GRAND HOLDINGS LIMITED,,2012-05-25
248,1543,"Foshan Yingda Guarantee Investment Co., Ltd.",ä½\x9bå±±ç\x9b\x88é\x81\x94æ\x93\x94ä¿\x9dæ\x8a\x95è³\x87æ\x9c\x89é\x99\x90å\x85¬å\x8f¸,
249,1563,"Nanshan International Alliance Financial Leasing Co., Ltd.",,
250,1606,China Development Bank Financial Leasing Company Limited,å\x9c\x8bé\x8a\x80é\x87\x91è\x9e\x8dç§\x9fè³\x83æ\x9c\x89é\x99\x90å\x85¬å\x8f¸,2015-09-28
251,1606,Shenzhen Financial Leasing Company Limited,æ·±å\x9c³é\x87\x91è\x9e\x8dç§\x9fè³\x83æ\x9c\x89é\x99\x90å\x85¬å\x8f¸,2008-05-22
252,1606,Shenzhen Leasing Company Limited,æ·±å\x9c³ç§\x9fè³\x83æ\x9c\x89é\x99\x90å\x85¬å\x8f¸,1999
253,1669,Global International Credit Group Limited,,2014-10-20
254,1905,Haitong UniTrust International Leasing Corporation,æµ·é\x80\x9aæ\x81\x92ä¿¡å\x9c\x8bé\x9a\x9bç§\x9fè³\x83æ\x9c\x89é\x99\x90å\x85¬å\x8f¸,2017-05-27
255,1905,UniTrust Finance & Leasing Corporation,æ\x81\x92ä¿¡é\x87\x91è\x9e\x8dç§\x9fè³\x83æ\x9c\x89é\x99\x90å\x85¬å\x8f¸,2014-10
256,1905,"Nissin Leasing (China) Co., Ltd.",æ\x97¥æ\x96°ç§\x9fè³\x83ï¼\x88ä¸\xadå\x9c\x8bï¼\x89æ\x9c\x89é\x99\x90å\x85¬å\x8f¸,2009-04
257,1905,"Matsuyama Nissin Leasing (Shanghai) Co., Ltd.",æ\x9d¾å±±æ\x97¥æ\x96°ç§\x9fè³\x83ï¼\x88ä¸\x8aæµ·ï¼\x89æ\x9c\x89é\x99\x90å\x85¬å\x8f¸,2006-02
258,1905,"Maysuyama Nissin Investment & Consulting (Shanghai) Co, Ltd.",æ\x9d¾å±±æ\x97¥æ\x96°æ\x8a\x95è³\x87ç®¡ç\x90\x86ï¼\x88ä¸\x8aæµ·ï¼\x89æ\x9c\x89é\x99\x90å\x85¬å\x8f¸,2005-07
259,1905,"Matsuyama Nissin Investment Consulting (Shanghai) Co., Ltd.",æ\x9d¾å±±æ\x97¥æ\x96°æ\x8a\x95è³\x87è«®è©¢ï¼\x88ä¸\x8aæµ·ï¼\x89æ\x9c\x89é\x99\x90å\x85¬å\x8f¸,2004-12
260,1915,Yangzhou Hanjiang District Taihe Rural Micro-finance Company Limited,æ\x8f\x9aå·\x9eå¸\x82é\x82\x97æ±\x9få\x8d\x80æ³°å\x92\x8cè¾²æ\x9d\x91å°\x8fé¡\x8dè²¸æ¬¾æ\x9c\x89é\x99\x90å\x85¬å\x8f¸,2012-08-10
261,2003,Vision Capital Group Limited,,
262,2666,UNIVERSAL MEDICAL FINANCIAL & TECHNICAL ADVISORY SERVICES COMPANY LIMITED,ç\x92°ç\x90\x83é\x86«ç\x99\x82é\x87\x91è\x9e\x8dè\x88\x87æ\x8a\x80è¡\x93å\x92¨è©¢æ\x9c\x8då\x8b\x99æ\x9c\x89é\x99\x90å\x85¬å\x8f¸,2018-07-09
263,2666,UNIVERSAL MEDICAL SERVICES & HEALTH MANAGEMENT COMPANY LIMITED,ç\x92°ç\x90\x83é\x86«ç\x99\x82æ\x9c\x8då\x8b\x99æ\x9c\x89é\x99\x90å\x85¬å\x8f¸,2015-06-11
264,2666,"UNIVERSAL INTERNATIONAL LEASING CO., LIMITED",ç\x92°ç\x90\x83å\x9c\x8bé\x9a\x9bç§\x9fè³\x83æ\x9c\x89é\x99\x90å\x85¬å\x8f¸,2015-02-17
265,2718,ä¸\x8aæµ·æ\x9d±æ\xad£æ±½è»\x8aé\x87\x91è\x9e\x8dæ\x9c\x89é\x99\x90è²¬ä»»å\x85¬å\x8f¸,,2018-08-15
266,111,Hantec Investment Holdings Limited,,2008-12-31
267,188,SW Kingsway Capital Holdings Limited,,2011-09-14
268,218,SHENYIN WANGUO (H.K.) LIMITED,ç\x94³é\x8a\x80è\x90¬å\x9c\x8b(é¦\x99æ¸¯)æ\x9c\x89é\x99\x90å\x85¬å\x8f¸,2015-05-21
269,218,SHANGHAI INTERNATIONAL (H.K.) LIMITED,ä¸\x8aæµ·è\x90¬å\x9c\x8b(é¦\x99æ¸¯)æ\x9c\x89é\x99\x90å\x85¬å\x8f¸,1996-11-19
270,218,ONG HOLDINGS (H.K.) LIMITED,ç\x8e\x8bé\x9b\x86å\x9c\x98(é¦\x99æ¸¯)æ\x9c\x89é\x99\x90å\x85¬å\x8f¸,1993-08-05
271,218,FRATERNAL DEVELOPMENT LIMITED,å\x81\x89å¤§ç\x99¼å±\x95æ\x9c\x89é\x99\x90å\x85¬å\x8f¸,1977-11-18
272,218,SINO SECURITIES LIMITED,ä¿¡å\x92\x8cè¨¼å\x88¸æ\x9c\x89é\x99\x90å\x85¬å\x8f¸,1973-02-13
273,218,SINO FINANCE LIMITED,ä¿¡å\x92\x8cè²¡å\x8b\x99æ\x9c\x89é\x99\x90å\x85¬å\x8f¸,1972-09-30
274,227,PUBLIC INTERNATIONAL INVESTMENTS LIMITED,å¤§ç\x9c¾å\x9c\x8bé\x9a\x9bæ\x8a\x95è³\x87æ\x9c\x89é\x99\x90å\x85¬å\x8f¸,1993-07-15
275,227,WEI WOO ESTATES AND INVESTMENTS LIMITED,æ\x83\xa0å\x92\x8cå\x9c°ç\x94¢æ\x8a\x95è³\x87æ\x9c\x89é\x99\x90å\x85¬å\x8f¸,1973-12-04
276,227,WEI WOO COMPANY LIMITED,æ\x83\xa0å\x92\x8cæ\x9c\x89é\x99\x90å\x85¬å\x8f¸,1972-08-10
277,231,Madex International (Holdings) Limited,ç\x9b\x9bæ\x98\x8eå\x9c\x8bé\x9a\x9b(æ\x8e§è\x82¡)æ\x9c\x89é\x99\x90å\x85¬å\x8f¸,2016-01-25
278,231,Dynamic Global Holdings Limited,ç\x92°ç\x90\x83å\x8b\x95å\x8a\x9bæ\x8e§è\x82¡æ\x9c\x89é\x99\x90å\x85¬å\x8f¸,2010-04-29
279,231,FAIRYOUNG HOLDINGS LIMITED,,2002-07-01
280,231,RICHFIELD INTERNATIONAL HOLDINGS LIMITED,,1993-04-30
281,245,China Seven Star Holdings Limited,ä¸\xadå\x9c\x8bä¸\x83æ\x98\x9fæ\x8e§è\x82¡æ\x9c\x89é\x99\x90å\x85¬å\x8f¸,2015-12-10
282,245,China Seven Star Shopping Limited,ä¸\xadå\x9c\x8bä¸\x83æ\x98\x9fè³¼ç\x89©æ\x9c\x89é\x99\x90å\x85¬å\x8f¸,2013-12-27
283,245,LANDUNE INTERNATIONAL LIMITED,è\x97\x8dé\xa0\x93å\x9c\x8bé\x9a\x9bæ\x9c\x89é\x99\x90å\x85¬å\x8f¸,2006-12-22
284,245,SINGAPORE HONG KONG PROPERTIES INVESTMENT LIMITED,æ\x98\x9fæ¸¯å\x9c°ç\x94¢æ\x8a\x95è³\x87æ\x9c\x89é\x99\x90å\x85¬å\x8f¸,2004-06-16
285,245,MANUFACTURERS INVESTMENTS LIMITED,å»\xa0è\x81¯æ\x8a\x95è³\x87æ\x9c\x89é\x99\x90å\x85¬å\x8f¸,1972-11-03
286,263,CHINA YUNNAN TIN MINERALS GROUP COMPANY LIMITED,ä¸\xadå\x9c\x8bé\x9b²é\x8c«ç¤¦æ¥\xadé\x9b\x86å\x9c\x98æ\x9c\x89é\x99\x90å\x85¬å\x8f¸,2015-06-12
287,263,POLY INVESTMENTS HOLDINGS LIMITED,ä¿\x9dè\x88\x88æ\x8a\x95è³\x87æ\x8e§è\x82¡æ\x9c\x89é\x99\x90å\x85¬å\x8f¸,2008-05-16
288,263,LOLLIMAN HOLDINGS LIMITED,æ\x96°è²½æ\x8a\x95è³\x87æ\x8e§è\x82¡æ\x9c\x89é\x99\x90å\x85¬å\x8f¸,1993-10-21
289,263,SHUN HO PROPERTY DEVELOPMENT LIMITED,é\xa0\x86è±ªç\x89©æ¥\xadç\x99¼å±\x95æ\x9c\x89é\x99\x90å\x85¬å\x8f¸,1991-01-10
290,263,LAMONI LIMITED,,1988-01-08
291,279,Freeman Financial Corporation Limited,æ°\x91ç\x9c¾é\x87\x91æ\x9c\x8dæ\x8e§è\x82¡æ\x9c\x89é\x99\x90å\x85¬å\x8f¸,2016-09-13
292,279,Freeman Financial Corporation Limited,æ°\x91è±\x90ä¼\x81æ¥\xadæ\x8e§è\x82¡æ\x9c\x89é\x99\x90å\x85¬å\x8f¸,2015-06-24
293,279,Freeman Corporation Limited,æ°\x91è±\x90æ\x8e§è\x82¡æ\x9c\x89é\x99\x90å\x85¬å\x8f¸,2010-10-26
294,279,INNER MONGOLIA DEVELOPMENT (HOLDINGS) LIMITED,å\x85§è\x92\x99ç\x99¼å±\x95(æ\x8e§è\x82¡)æ\x9c\x89é\x99\x90å\x85¬å\x8f¸,2006-05-11
295,279,HANSOM EASTERN (HOLDINGS) LIMITED,æ\x81\x92ç\x9b\x9bæ\x9d±æ\x96¹æ\x8e§è\x82¡æ\x9c\x89é\x99\x90å\x85¬å\x8f¸,2005-08-25
296,279,TUNG FONG HUNG (HOLDINGS) LIMITED,,2001-02-27
297,290,China Fortune Group Limited,ä¸\xadå\x9c\x8bå¯\x8cå¼·é\x9b\x86å\x9c\x98æ\x9c\x89é\x99\x90å\x85¬å\x8f¸,2011-08-22
298,290,CHINA CONSERVATIONAL POWER HOLDINGS LIMITED,ä¸\xadå\x9c\x8bç\x92°ä¿\x9dé\x9b»å\x8a\x9bæ\x8e§è\x82¡æ\x9c\x89é\x99\x90å\x85¬å\x8f¸,2008-11-03
299,290,HONG TONG HOLDINGS LIMITED,æ³\x93é\x80\x9aæ\x8e§è\x82¡æ\x9c\x89é\x99\x90å\x85¬å\x8f¸,2004-02-27
300,290,YEW SANG HONG (HOLDINGS) LIMITED,,2003-04-04
301,376,REORIENT GROUP LIMITED,ç\x91\x9eæ\x9d±é\x9b\x86å\x9c\x98æ\x9c\x89é\x99\x90å\x85¬å\x8f¸,2016-10-28
302,376,ASIA TELEMEDIA LIMITED,äº\x9eæ´²é\x9b»ä¿¡åª\x92é«\x94æ\x9c\x89é\x99\x90å\x85¬å\x8f¸,2011-10-25
303,376,MANSION HOUSE GROUP LIMITED,è\x90¬å\x8b\x9dé\x9b\x86å\x9c\x98æ\x9c\x89é\x99\x90å\x85¬å\x8f¸,2004-08-02
304,376,MANSION HOUSE SECURITIES LIMITED,è\x90¬å\x8b\x9dè¨¼å\x88¸æ\x9c\x89é\x99\x90å\x85¬å\x8f¸,1992-07-09
305,376,MANSION HOUSE SECURITIES LIMITED,,1986-03-18
306,376,LANGBOURN LIMITED,,1983-01-25
307,510,CASH ON-LINE LIMITED,,2001-10-08
308,585,IMI GLOBAL HOLDINGS LIMITED,,2004-03-30
309,585,BOTO INTERNATIONAL HOLDINGS LIMITED,,2002-11-13
310,619,SOUTH CHINA BROKERAGE COMPANY LIMITED,å\x8d\x97è\x8f¯è\xad\x89å\x88¸æ\x9c\x89é\x99\x90å\x85¬å\x8f¸,2007-02-26
311,619,SOUTH CHINA ONLINE LIMITED,å\x8d\x97è\x8f¯å\x9c¨ç·\x9aæ\x9c\x89é\x99\x90å\x85¬å\x8f¸,2001-07-09
312,619,SOUTH CHINA BROKERAGE COMPANY LIMITED,å\x8d\x97è\x8f¯è\xad\x89å\x88¸æ\x9c\x89é\x99\x90å\x85¬å\x8f¸,2000-03-01
313,619,WOLENGA COMPANY LIMITED,,1989-03-07
314,665,Taifook Securities Group Limited,å¤§ç¦\x8fè\xad\x89å\x88¸é\x9b\x86å\x9c\x98æ\x9c\x89é\x99\x90å\x85¬å\x8f¸,2010-10-22
315,665,Tai Fook Securities Group Limited,å¤§ç¦\x8fè\xad\x89å\x88¸é\x9b\x86å\x9c\x98æ\x9c\x89é\x99\x90å\x85¬å\x8f¸,2006-06-06
316,665,Tai Fook Securities Group Limited,,2002-09-20
317,665,TAI FOOK GROUP LIMITED,,1998-09-23
318,812,TANRICH FINANCIAL HOLDINGS LIMITED,,2015-04-14
319,821,IASIA TECHNOLOGY LIMITED,äº\x9eæ´²ç¶²ä¸\x8aäº¤æ\x98\x93ç§\x91æ\x8a\x80æ\x9c\x89é\x99\x90å\x85¬å\x8f¸,2003-01-13
320,821,SPARKLE ENTERPRISE LIMITED,é\x9c¸ç\x94°ä¼\x81æ¥\xadæ\x9c\x89é\x99\x90å\x85¬å\x8f¸,2000-01-21
321,952,China Oceanwide International Financial Limited,ä¸\xadå\x9c\x8bæ³\x9bæµ·å\x9c\x8bé\x9a\x9bé\x87\x91è\x9e\x8dæ\x9c\x89é\x99\x90å\x85¬å\x8f¸,2018-04-11
322,952,Quam Limited,,2017-07-21
323,952,WAH FU INTERNATIONAL HOLDINGS LIMITED,,2001-11-14
324,1031,Golden Resorts Group Limited,é»\x83é\x87\x91é\x9b\x86å\x9c\x98æ\x9c\x89é\x99\x90å\x85¬å\x8f¸,2011-04-01
325,1031,Medtech Group Company Limited,,2005-03-31
326,1031,STIME WATCH INTERNATIONAL HOLDING LIMITED,,2000-04-10
327,1073,CHINA AGROTECH HOLDINGS LIMITED,,2019-06-14
328,1141,Skyway Securities Group Limited,å¤©é\xa0\x86è\xad\x89å\x88¸é\x9b\x86å\x9c\x98æ\x9c\x89é\x99\x90å\x85¬å\x8f¸,2017-05-15
329,1141,Mission Capital Holdings Limited,ä¿\x9dè\x88\x88è³\x87æ\x9c¬æ\x8e§è\x82¡æ\x9c\x89é\x99\x90å\x85¬å\x8f¸,2015-08-13
330,1141,Poly Capital Holdings Limited,ä¿\x9dè\x88\x88è³\x87æ\x9c¬æ\x8e§è\x82¡æ\x9c\x89é\x99\x90å\x85¬å\x8f¸,2014-10-01
331,1141,Beijing Yu Sheng Tang Pharmaceutical Group Limited,å\x8c\x97äº¬å¾¡ç\x94\x9få\xa0\x82è\x97¥æ¥\xadé\x9b\x86å\x9c\x98æ\x9c\x89é\x99\x90å\x85¬å\x8f¸,2012-10-22
332,1141,Poly Development Holdings Limited,ä¿\x9dè\x88\x88ç\x99¼å±\x95æ\x8e§è\x82¡æ\x9c\x89é\x99\x90å\x85¬å\x8f¸,2010-03-30
333,1141,Xin Corporation Limited,æ\x96°å\x89µç¶\x9cå\x90\x88ä¼\x81æ¥\xadæ\x9c\x89é\x99\x90å\x85¬å\x8f¸,2008-08-29
334,1141,HUNG FUNG GROUP HOLDINGS LIMITED,,2002-12-30
335,1456,,å\x9c\x8bè\x81¯è\xad\x89å\x88¸æ\x9c\x89é\x99\x90è²¬ä»»å\x85¬å\x8f¸,2008-05-26
336,1456,"Wuxi Securities Co., Ltd.",ç\x84¡é\x8c«è\xad\x89å\x88¸æ\x9c\x89é\x99\x90è²¬ä»»å\x85¬å\x8f¸,1999-01-08
337,1456,Wuxi Securities Company,ç\x84¡é\x8c«å¸\x82è\xad\x89å\x88¸å\x85¬å\x8f¸,
338,1476,"HENGTAI SECURITIES CO., LTD",æ\x81\x92æ³°è\xad\x89å\x88¸è\x82¡ä»½æ\x9c\x89é\x99\x90å\x85¬å\x8f¸,2015-04-27
339,1776,Guangfa Securities Limited Liability Company,,2001-07-25
340,2611,"Guotai Securities Co., Ltd.",,
341,3329,BCOM SECURITIES COMPANY LIMITED,äº¤é\x80\x9aè\xad\x89å\x88¸æ\x9c\x89é\x99\x90å\x85¬å\x8f¸,2007-05-02
342,3908,,ä¸\xadå\x9c\x8bå\x9c\x8bé\x9a\x9bé\x87\x91è\x9e\x8dæ\x9c\x89é\x99\x90å\x85¬å\x8f¸,2015-06-01
343,3938,Lego Financial Group Holdings Limited,å\x8a\x9bé«\x98é\x87\x91è\x9e\x8dé\x9b\x86å\x9c\x98æ\x8e§è\x82¡æ\x9c\x89é\x99\x90å\x85¬å\x8f¸,
344,3958,Orient Securities Limited Liability Company,æ\x9d±æ\x96¹è\xad\x89å\x88¸æ\x9c\x89é\x99\x90è²¬ä»»å\x85¬å\x8f¸,2003-10-08
345,6066,"China Securities Finance Co., Ltd.",ä¸\xadä¿¡å»ºæ\x8a\x95è¨¼å\x88¸è\x82¡ä»½æ\x9c\x89é\x99\x90å\x85¬å\x8f¸,2016-10-20
346,6066,China Securities Finance Limited,ä¸\xadä¿¡å»ºæ\x8a\x95è¨¼å\x88¸æ\x9c\x89é\x99\x90è²¬ä»»å\x85¬å\x8f¸,2011-09-28
347,6178,Everbright Securities Limited,å\x85\x89å¤§è\xad\x89å\x88¸æ\x9c\x89é\x99\x90è²¬ä»»å\x85¬å\x8f¸,2005-07-14
348,6806,"Shenyin & Wanguo Securities Co., Ltd.",ç\x94³é\x8a\x80è\x90¬å\x9c\x8bè\xad\x89å\x88¸è\x82¡ä»½æ\x9c\x89é\x99\x90å\x85¬å\x8f¸,2015-01-26
349,6886,"Huatai Securities Co., Ltd.",è\x8f¯æ³°è\xad\x89å\x88¸è\x82¡ä»½æ\x9c\x89é\x99\x90å\x85¬å\x8f¸,2015-05-11
350,6886,Huatai Securities Limited Liability Company,è\x8f¯æ³°è\xad\x89å\x88¸æ\x9c\x89é\x99\x90è²¬ä»»å\x85¬å\x8f¸,2007-12-07
351,6886,Jiangsu Securities Company,æ±\x9fè\x98\x87ç\x9c\x81è\xad\x89å\x88¸å\x85¬å\x8f¸,1999-12-21
352,8210,DLC Asia Limited,,2018-01-29
